{
    "baseline": [
        {
            "avg_reward": 20.939664271052912,
            "avg_blackouts": 1.2,
            "avg_imbalance": 0.022397736041182274,
            "avg_stability": 0.49166666666666664,
            "avg_reputation": 1.5100000000000007,
            "honesty_violations": 0,
            "misreporting_rate": 0.0,
            "coalition_rate": 0.3,
            "delayed_failures": 2,
            "avg_misreporting": 0.0,
            "avg_coalition_rate": 0.3,
            "avg_delayed_failures": 2.0
        },
        {
            "avg_reward": 14.465083421633118,
            "avg_blackouts": 1.56,
            "avg_imbalance": 0.0432988437158573,
            "avg_stability": 0.4116666666666666,
            "avg_reputation": 1.0853333333333337,
            "honesty_violations": 28,
            "misreporting_rate": 0.1733333333333333,
            "coalition_rate": 0.36,
            "delayed_failures": 22,
            "avg_misreporting": 0.1733333333333333,
            "avg_coalition_rate": 0.36,
            "avg_delayed_failures": 22.0
        },
        {
            "avg_reward": 16.453775779395972,
            "avg_blackouts": 1.54,
            "avg_imbalance": 0.034215171594326146,
            "avg_stability": 0.48,
            "avg_reputation": 1.277466666666667,
            "honesty_violations": 12,
            "misreporting_rate": 0.04666666666666666,
            "coalition_rate": 0.36,
            "delayed_failures": 14,
            "avg_misreporting": 0.04666666666666666,
            "avg_coalition_rate": 0.36,
            "avg_delayed_failures": 14.0
        }
    ],
    "selfish": [
        {
            "avg_reward": 33.79999932726296,
            "avg_blackouts": 0.0,
            "avg_imbalance": 0.005489916828830059,
            "avg_stability": 1.0,
            "avg_reputation": 0.23759999999999998,
            "honesty_violations": 150,
            "misreporting_rate": 0.7266666666666667,
            "coalition_rate": 0.92,
            "delayed_failures": 0,
            "avg_misreporting": 0.7266666666666667,
            "avg_coalition_rate": 0.92,
            "avg_delayed_failures": 0.0
        },
        {
            "avg_reward": 21.60161596562979,
            "avg_blackouts": 1.46,
            "avg_imbalance": 0.07395119756654535,
            "avg_stability": 0.4433333333333333,
            "avg_reputation": 0.23613333333333333,
            "honesty_violations": 150,
            "misreporting_rate": 0.7866666666666666,
            "coalition_rate": 0.0,
            "delayed_failures": 8,
            "avg_misreporting": 0.7866666666666666,
            "avg_coalition_rate": 0.0,
            "avg_delayed_failures": 8.0
        },
        {
            "avg_reward": 20.417629316962586,
            "avg_blackouts": 0.98,
            "avg_imbalance": 0.008019486469470998,
            "avg_stability": 0.5199999999999999,
            "avg_reputation": 0.2361333333333333,
            "honesty_violations": 150,
            "misreporting_rate": 0.8866666666666666,
            "coalition_rate": 0.74,
            "delayed_failures": 10,
            "avg_misreporting": 0.8866666666666666,
            "avg_coalition_rate": 0.74,
            "avg_delayed_failures": 10.0
        }
    ],
    "coordinated": [
        {
            "avg_reward": 27.80654588082156,
            "avg_blackouts": 0.02,
            "avg_imbalance": 0.004484682497008828,
            "avg_stability": 0.99,
            "avg_reputation": 1.5100000000000007,
            "honesty_violations": 0,
            "misreporting_rate": 0.0,
            "coalition_rate": 0.96,
            "delayed_failures": 0,
            "avg_misreporting": 0.0,
            "avg_coalition_rate": 0.96,
            "avg_delayed_failures": 0.0
        },
        {
            "avg_reward": 30.6088715743442,
            "avg_blackouts": 1.86,
            "avg_imbalance": 0.01985330378192142,
            "avg_stability": 0.45833333333333326,
            "avg_reputation": 1.2880000000000007,
            "honesty_violations": 4,
            "misreporting_rate": 0.02,
            "coalition_rate": 0.1,
            "delayed_failures": 12,
            "avg_misreporting": 0.02,
            "avg_coalition_rate": 0.1,
            "avg_delayed_failures": 12.0
        },
        {
            "avg_reward": 49.85992263291175,
            "avg_blackouts": 0.7,
            "avg_imbalance": 0.009356844241635276,
            "avg_stability": 0.63,
            "avg_reputation": 1.3460000000000003,
            "honesty_violations": 3,
            "misreporting_rate": 0.013333333333333332,
            "coalition_rate": 0.64,
            "delayed_failures": 4,
            "avg_misreporting": 0.013333333333333332,
            "avg_coalition_rate": 0.64,
            "avg_delayed_failures": 4.0
        }
    ],
    "advanced": [
        {
            "avg_reward": 28.766545901458525,
            "avg_blackouts": 0.02,
            "avg_imbalance": 0.004484682497008828,
            "avg_stability": 0.99,
            "avg_reputation": 1.5100000000000007,
            "honesty_violations": 0,
            "misreporting_rate": 0.0,
            "coalition_rate": 0.96,
            "delayed_failures": 0,
            "avg_misreporting": 0.0,
            "avg_coalition_rate": 0.96,
            "avg_delayed_failures": 0.0
        },
        {
            "avg_reward": 45.2870276723122,
            "avg_blackouts": 0.28,
            "avg_imbalance": 0.029493896186869845,
            "avg_stability": 0.8783333333333333,
            "avg_reputation": 1.3780000000000008,
            "honesty_violations": 2,
            "misreporting_rate": 0.013333333333333332,
            "coalition_rate": 0.26,
            "delayed_failures": 6,
            "avg_misreporting": 0.013333333333333332,
            "avg_coalition_rate": 0.26,
            "avg_delayed_failures": 6.0
        },
        {
            "avg_reward": 47.59405569842972,
            "avg_blackouts": 0.64,
            "avg_imbalance": 0.010652944373830124,
            "avg_stability": 0.6866666666666668,
            "avg_reputation": 1.3780000000000001,
            "honesty_violations": 3,
            "misreporting_rate": 0.006666666666666666,
            "coalition_rate": 0.6,
            "delayed_failures": 4,
            "avg_misreporting": 0.006666666666666666,
            "avg_coalition_rate": 0.6,
            "avg_delayed_failures": 4.0
        }
    ]
}