{
    "baseline": [
        {
            "avg_reward": 0.9557964489163957,
            "avg_blackouts": 1.56,
            "avg_imbalance": 0.02591303769557271,
            "avg_stability": 0.38166666666666665,
            "avg_reputation": 1.261199586391449,
            "honesty_violations": 15,
            "misreporting_rate": 0.1,
            "coalition_rate": 0.26,
            "delayed_failures": 24,
            "avg_misreporting": 0.1,
            "avg_coalition_rate": 0.26,
            "avg_delayed_failures": 24.0
        },
        {
            "avg_reward": 1.5384642716270736,
            "avg_blackouts": 1.2,
            "avg_imbalance": 0.02347168983775191,
            "avg_stability": 0.4649999999999999,
            "avg_reputation": 1.393999514579773,
            "honesty_violations": 2,
            "misreporting_rate": 0.013333333333333332,
            "coalition_rate": 0.32,
            "delayed_failures": 24,
            "avg_misreporting": 0.013333333333333332,
            "avg_coalition_rate": 0.32,
            "avg_delayed_failures": 24.0
        },
        {
            "avg_reward": 1.6700308140866296,
            "avg_blackouts": 0.64,
            "avg_imbalance": 0.024209766186540947,
            "avg_stability": 0.6566666666666666,
            "avg_reputation": 1.5099995136260986,
            "honesty_violations": 0,
            "misreporting_rate": 0.0,
            "coalition_rate": 0.32,
            "delayed_failures": 20,
            "avg_misreporting": 0.0,
            "avg_coalition_rate": 0.32,
            "avg_delayed_failures": 20.0
        }
    ],
    "selfish": [
        {
            "avg_reward": 1.5496196885221167,
            "avg_blackouts": 0.48,
            "avg_imbalance": 0.017370300033362582,
            "avg_stability": 0.7233333333333333,
            "avg_reputation": 1.5099995136260986,
            "honesty_violations": 0,
            "misreporting_rate": 0.0,
            "coalition_rate": 0.4,
            "delayed_failures": 10,
            "avg_misreporting": 0.0,
            "avg_coalition_rate": 0.4,
            "avg_delayed_failures": 10.0
        },
        {
            "avg_reward": 0.6424805022517276,
            "avg_blackouts": 0.92,
            "avg_imbalance": 0.006601563736257959,
            "avg_stability": 0.5233333333333333,
            "avg_reputation": 1.5099995136260986,
            "honesty_violations": 0,
            "misreporting_rate": 0.0,
            "coalition_rate": 0.78,
            "delayed_failures": 22,
            "avg_misreporting": 0.0,
            "avg_coalition_rate": 0.78,
            "avg_delayed_failures": 22.0
        },
        {
            "avg_reward": 4.0961477127170625,
            "avg_blackouts": 0.0,
            "avg_imbalance": 0.029785888213664295,
            "avg_stability": 0.96,
            "avg_reputation": 1.5099995136260986,
            "honesty_violations": 0,
            "misreporting_rate": 0.0,
            "coalition_rate": 0.04,
            "delayed_failures": 8,
            "avg_misreporting": 0.0,
            "avg_coalition_rate": 0.04,
            "avg_delayed_failures": 8.0
        }
    ],
    "coordinated": [
        {
            "avg_reward": 0.5607671680273724,
            "avg_blackouts": 0.76,
            "avg_imbalance": 0.021620858227834105,
            "avg_stability": 0.5966666666666667,
            "avg_reputation": 1.5099995136260986,
            "honesty_violations": 0,
            "misreporting_rate": 0.0,
            "coalition_rate": 0.06,
            "delayed_failures": 10,
            "avg_misreporting": 0.0,
            "avg_coalition_rate": 0.06,
            "avg_delayed_failures": 10.0
        },
        {
            "avg_reward": -1.5755286420218122,
            "avg_blackouts": 1.28,
            "avg_imbalance": 0.010876666125841438,
            "avg_stability": 0.43,
            "avg_reputation": 1.5099995136260986,
            "honesty_violations": 0,
            "misreporting_rate": 0.0,
            "coalition_rate": 0.56,
            "delayed_failures": 18,
            "avg_misreporting": 0.0,
            "avg_coalition_rate": 0.56,
            "avg_delayed_failures": 18.0
        },
        {
            "avg_reward": 8.759025592495643,
            "avg_blackouts": 0.0,
            "avg_imbalance": 0.05078318398445845,
            "avg_stability": 0.94,
            "avg_reputation": 1.5099995136260986,
            "honesty_violations": 0,
            "misreporting_rate": 0.0,
            "coalition_rate": 0.0,
            "delayed_failures": 12,
            "avg_misreporting": 0.0,
            "avg_coalition_rate": 0.0,
            "avg_delayed_failures": 12.0
        }
    ],
    "advanced": [
        {
            "avg_reward": 0.61657517287967,
            "avg_blackouts": 0.76,
            "avg_imbalance": 0.021620858171954752,
            "avg_stability": 0.5966666666666667,
            "avg_reputation": 1.5099995136260986,
            "honesty_violations": 0,
            "misreporting_rate": 0.0,
            "coalition_rate": 0.06,
            "delayed_failures": 10,
            "avg_misreporting": 0.0,
            "avg_coalition_rate": 0.06,
            "avg_delayed_failures": 10.0
        },
        {
            "avg_reward": -1.0155286476782484,
            "avg_blackouts": 1.28,
            "avg_imbalance": 0.010876665599644184,
            "avg_stability": 0.43,
            "avg_reputation": 1.5099995136260986,
            "honesty_violations": 0,
            "misreporting_rate": 0.0,
            "coalition_rate": 0.56,
            "delayed_failures": 18,
            "avg_misreporting": 0.0,
            "avg_coalition_rate": 0.56,
            "avg_delayed_failures": 18.0
        },
        {
            "avg_reward": 8.759025593705406,
            "avg_blackouts": 0.0,
            "avg_imbalance": 0.05078318361192942,
            "avg_stability": 0.94,
            "avg_reputation": 1.5099995136260986,
            "honesty_violations": 0,
            "misreporting_rate": 0.0,
            "coalition_rate": 0.0,
            "delayed_failures": 12,
            "avg_misreporting": 0.0,
            "avg_coalition_rate": 0.0,
            "avg_delayed_failures": 12.0
        }
    ]
}